brand,domain,num_search_results,own_domain_in_search_results,result_domains,own_domain_used_by_llm,summary,your_judgment
Allbirds,allbirds.com,8,True,allbirds.com | allbirds.de | allbirdsstores.com | amazon.com | cnbc.com | en.wikipedia.org | nordstromrack.com,True,"Allbirds is an American footwear and apparel brand that began in 2015 and is known for its minimalist, sustainable designs made from natural materials such as merino wool and eucalyptus. The company built its identity around environmental, social, and governance (ESG) principles and sold its products primarily through a direct‑to‑consumer model, gaining popularity among tech workers in Silicon Valley. Allbirds went public in 2021 but later faced sales challenges and regulatory scrutiny. In 2026 it sold its shoe business and related assets to American Exchange Group for $39 million and pivoted to providing AI computing infrastructure, rebranding itself as Smartbird. Notable points include its early Kickstarter launch, focus on sustainability (and subsequent green‑washing criticism), its IPO and Nasdaq non‑compliance notice, and its dramatic shift from footwear to AI technology.",
Chewy,chewy.com,8,True,apps.apple.com | chewy.com | en.wikipedia.org | facebook.com | instagram.com | play.google.com,True,"Chewy is an American online retailer that sells pet food, supplies, toys, treats, litter, aquariums, supplements, and pet pharmacy products. It offers free delivery, free returns, and 24/7 customer support, and it also provides vet‑care resources and a network for pet adoption and rescue donations. The company was founded in June 2011 as “Mr. Chewy” by Ryan Cohen and Michael Day, went public in 2019 under the ticker CHWY on the NYSE, and has grown into a major e‑commerce platform for pet owners.",
Glossier,glossier.com,8,True,en.wikipedia.org | glossier.com | instagram.com | luxebykan.com | sephora.com | youtube.com,True,"Glossier is an American beauty company founded in 2014 by Emily Weiss that sells makeup and skincare products. It began as a beauty blog (Into the Gloss) and grew into an online-only business before expanding into pop‑up shops and retail stores such as Sephora, SpaceNK, and Mecca. The brand is known for its community‑driven, “skin first, makeup second” philosophy, its strong social‑media presence (over 3 million Instagram followers), and its focus on products inspired by real people’s routines.",
REI,rei.com,8,True,apps.apple.com | coinmarketcap.com | en.wikipedia.org | instagram.com | linkedin.com | reddit.com | rei.com | tokike.com,True,"REI (Recreational Equipment, Inc.) is an American consumer‑co‑operative that sells outdoor recreation gear and apparel. It operates 194 retail stores across 44 states and also takes orders online. The company offers a wide range of products—including camping, hiking, climbing, cycling, water, running, fitness, snow, travel equipment, and clothing—while deliberately excluding hunting and fishing gear. In addition to retail, REI provides rentals, classes, events, and expert advice to help customers enjoy the outdoors. Notably, REI’s co‑op structure, its mission to inspire a lifelong love of the outdoors, and its comprehensive product and service offerings set it apart in the outdoor retail market.",
Notion,notion.com,8,False,apps.apple.com | en.wikipedia.org | in.linkedin.com | instagram.com | play.google.com | reddit.com | thegoodtrade.com | youtube.com,False,"Notion is an AI‑powered, all‑in‑one workspace that lets individuals and teams write notes, manage tasks, organize projects, and collaborate in a single platform. It combines note‑taking, document creation, wikis, knowledge management, data organization, and project/task tracking, and is highly customizable so users can build their own tools and workflows. Notable aspects include its early launch in 2016, cross‑platform availability (web, desktop, mobile), strong AI features, and a marketing focus on being a workspace that “works while you sleep.”",
Stripe,stripe.com,8,True,dashboard.stripe.com | en.wikipedia.org | in.linkedin.com | stripe.com | stripe.dev | x.com,True,"Stripe is a multinational SaaS company that provides payment‑processing software, APIs, and financial infrastructure for businesses. It enables companies to accept payments, build flexible billing models, and manage money movement worldwide. Notable aspects include its dual headquarters in South San Francisco and Dublin, its service to millions of companies globally, and its extensive cross‑border payment coverage in 195 countries and 135+ currencies.",
Mailchimp,mailchimp.com,8,True,apps.apple.com | apps.shopify.com | emailaudience.com | en.wikipedia.org | instagram.com | mailchimp.com | mayple.com | play.google.com,False,"Mailchimp is a marketing‑automation and email‑marketing platform that functions as an email service provider (ESP). It lets businesses build and manage mailing lists, design campaigns, and automate email (and SMS) workflows. The company was founded in 2001 by Ben Chestnut and Mark Armstrong, grew into one of the first and most comprehensive email‑marketing tools, and was acquired by Intuit in 2021 and rebranded Intuit Mailchimp. Notable features include AI‑driven recommendations, cross‑channel marketing (email, social media, landing pages, advertising), and integrations with e‑commerce platforms such as Shopify. Its long history and large user base make it a prominent player in the email‑marketing space.",
Airtable,airtable.com,8,True,airtable.com | baserow.io | en.wikipedia.org | linkedin.com | play.google.com | reddit.com | softr.io | zapier.com,True,"Airtable is a cloud‑based collaboration platform that lets users build and share relational databases using a spreadsheet‑style interface, so no programming is required. It is notable for its AI‑native app platform, which offers no‑code components that enable the creation of enterprise‑ready workflows, apps, and agents. Recent updates include HyperDB for large‑scale data management, ProductCentral, and an App Library that streamline complex operations and support high‑volume workflows.",
Linear,linear.app,8,True,en.wikipedia.org | khanacademy.org | linear-solutions.com | linear.app | linear.eu | mathsisfun.com | merriam-webster.com,True,"Linear is a product‑development platform that helps teams plan and track initiatives, strategy, and high‑level project planning. It offers a web and desktop/mobile app that lets you assign teams to initiatives and see how work contributes to company goals.",
The Plumber Austin TX,theplumberaustintx.com,7,False,angi.com | austintheplumbertx.com | theplumberaustin.com | thumbtack.com | yelp.ca | yelp.com,False,"The Plumber Austin TX is a locally owned plumbing company that provides a full range of plumbing services such as fixing leaky faucets, clearing clogged drains, installing water heaters, and other residential and commercial plumbing work. The business is fully licensed and bonded, and its founder has a long history in the industry—Gary Lott has operated the company for over 30 years, while Austin, the current owner, began his plumbing career in 2013, earned a Responsible Master plumber license, and launched his own company in 2023. Notable aspects include the company’s local ownership, extensive experience, and licensed master‑plumber status, which together emphasize reliability, safety, and efficient service.",
Abacus Plumbing,abacusplumbing.com,7,True,abacus-bathrooms.co.uk | abacusplumbing.com | abacusplumbing.net | angi.com | callabacusnow.com,True,"Abacus Plumbing is a Houston‑based plumbing, HVAC and electrical service company founded in 2003.  They offer maintenance plans for homes and businesses, a VIP membership that provides peace of mind, savings and priority service, and a ProConnect app that lets customers book, receive alerts and schedule work online.  With more than 100 employees, the company is one of the largest local providers in Houston and is noted for its comprehensive service offerings and customer‑focused programs.",
Zamscapes,zamscapes.com,7,False,facebook.com | planetminecraft.com | play.google.com | samscapeswi.com | sites.google.com | zoom.us,False,"Zamscapes produces watercolor maps of Zambia’s terrain, often used as giveaways to chiefs, lodges and schools. The maps are appreciated for their artistic depiction of local landscapes.",
Brooklyn Roasting Company,brooklynroasting.com,7,True,brooklyn.org | brooklynroasting.com | facebook.com | instagram.com | linkedin.com | yelp.com,True,"Brooklyn Roasting Company is a Brooklyn‑based small‑batch coffee roaster that sources sustainably‑certified beans, roasts them in the Brooklyn Navy Yard, and sells the coffee wholesale, retail, and via subscriptions. Founded in 2009 by Jim Munson, the company is noted for its commitment to fair‑trade, Rainforest Alliance, and organic certification, its local, community‑focused approach, and its reputation as New York City’s best‑loved local roaster.",
The Verge,theverge.com,8,True,en.wikipedia.org | facebook.com | grokipedia.com | music.youtube.com | theverge.com | thevergegrandforks.com | youtube.com,True,"The Verge is an online American technology news publication that publishes breaking news, feature stories, guidebooks, product reviews, consumer‑electronics coverage, and podcasts. Founded in 2011 and headquartered in Lower Manhattan, it is operated by PMX Global, a unit of Penske Media Corporation. The site has earned notable recognition, winning five Webby Awards in 2012 for best writing, best podcast (The Vergecast), best visual design, best consumer‑electronics site, and best mobile news app. It also runs a YouTube channel where its journalists produce explainers, reviews, and tech news.",
Serious Eats,seriouseats.com,8,True,en.wikipedia.org | facebook.com | grokipedia.com | people.inc | seriouseats.com | seriouseatsmenu.com | youtube.com,True,"Serious Eats is a food‑centric website and blog that publishes rigorously tested recipes, science‑driven cooking techniques, in‑depth equipment reviews, and cultural food stories. Founded by food critic Ed Levine, it released a book in 2011 and has been acquired by Fexy Media (2015) and later by Dotdash (2020). The site is notable for its evidence‑based approach to cooking and its reputation for thorough recipe testing and detailed guides.",
Stratechery,stratechery.com,8,True,en.wikipedia.org | linkedin.com | newslettermetrics.com | open.spotify.com | stratechery.com | x.com,True,"Stratechery is a subscription‑based newsletter and podcast created by Ben Thompson that offers in‑depth commentary on technology and media news, focusing on strategy, business models, and the broader societal impact of tech. Thompson’s background includes stints at Apple, Microsoft, and Automattic, and he also co‑hosts other tech podcasts such as Sharp Tech, Dithering, and Exponent. The publication is well‑known for its analytical depth and has a sizable following on platforms like X, Spotify, and LinkedIn.",
Gong,gong.io,8,True,bing.com | bingleymusiclive.com | en.wikipedia.org | gong.io | grokipedia.com | instrumentinsider.com | puresmusic.com,True,"Gong is a revenue‑AI platform that serves as an ‘easy button’ for sales teams, turning customer conversations into actionable insights and revenue outcomes. It centralizes call data, uses AI agents to identify deal risks, emerging trends, and complex concepts, and automates collaboration and outreach across account teams.",
Zendesk,zendesk.com,2,False,en.wikipedia.org | grokipedia.com,False,"Zendesk is a software‑as‑a‑service (SaaS) company that builds cloud‑based platforms for customer support, sales, and other customer communications, including customer service and CRM tools. It was founded in 2007 in Copenhagen, raised about $86 million in venture capital before its 2014 IPO, and was later acquired in 2022 by a group of investors led by Hellman & Friedman and Permira for roughly $10.2 billion.",
Figma,figma.com,8,True,en.wikipedia.org | figma.com | figma.en.softonic.com | grokipedia.com | help.figma.com | weave.figma.com,True,"Figma is a web‑based, collaborative design platform that lets teams create, prototype, and iterate on user interfaces for mobile apps, websites, and illustrations in real time. It was founded in 2012 by Dylan Field and Evan Wallace and has grown to over 13 million users by 2025. Notable features include its use of WebGL and WebAssembly for fast, hardware‑accelerated vector rendering, cross‑platform desktop and mobile companion apps, AI‑powered design tools such as prompt‑based generation, and integrated video editing. The platform also blends design, code, and AI workflows, enabling designers to co‑create, present, and gather stakeholder feedback all within a single canvas.",
HubSpot,hubspot.com,2,False,en.wikipedia.org | grokipedia.com,False,"HubSpot, Inc. is a U.S. company that builds a cloud‑based customer platform integrating marketing, sales, customer service, content management and CRM. It offers free inbound‑marketing tools such as the Marketing Grader and a Twitter‑tracking feature, and it also collects and sells personal data as an unregistered data broker.",
Modern Coffee Co,moderncoffeeco.com,7,False,cafecoffeeday.com | dreamycoffeeco.com | indiamart.com | maps.google.com | modern.coffee | moderncoffee-co.com | wayfair.com,False,"Modern Coffee Co. is a manufacturer based in Bengaluru, Karnataka, India that produces chicory, coffee powder and tea. It is notable for supplying these products and being listed on IndiaMart as a manufacturer of chicory and coffee powder.",
The Hungry Mouse,thehungrymouse.com,8,True,en.wikipedia.org | kidsgen.com | kidsworldfun.com | scribd.com | storymirror.com | thehungrymouse.com | vedantu.com | youtube.com,False,The Hungry Mouse is a mouse that searches for food and ends up eating a lot; the story is a popular moral tale for children that teaches the lesson that too much of anything is not good.,
